,MSE,R2
Linear Regression,0.005915146282690226,0.2747852655167978
k-NN,0.006048811972618801,0.25839744969646294
